image,description
keyframe_1.png,"The image provided appears to be a dark screen with no discernible elements or characters visible, likely due to the image being underexposed or representing a dark scene. Since there are no elements that I can analyze visually, I cannot provide a detailed spatial relationship or interaction analysis based on this image.

However, I can provide some context based on the subtitle ""13 meters. You should see it."" This subtitle suggests that characters in the movie are likely discussing something that is located a short distance away, potentially underwater or in the dark, which might be the wreckage of the Titanic if the reference is to the movie's plot. The subtitle implies that one character is telling another about something interesting or significant that is visible within a relatively close proximity, and they are encouraging the other person to take a look.

Unfortunately, because of the lack of visual data in the image, I cannot relate the subtitle to specific visual elements in the scene, so any further analysis would be purely speculative based on the context of the film ""Titanic"" and the typical structure of such scenes. The screen's darkness might reflect the depth and mystery of the ocean or a moment of tension and anticipation as characters are about to witness something impactful."
keyframe_2.png,"The image provided appears to be an underwater shot, presumably of the bow of the RMS Titanic as it lies on the ocean floor. Unfortunately, due to the darkness and the low resolution in the image, specific details are not clearly visible.

In scenes such as this in the movie ""Titanic,"" characters would typically be situated in a submarine or remotely operated vehicle (ROV), exploring the wreckage of Titanic. The spatial relationship between characters during these explorations would typically involve the characters inside the submersible looking out at the shipwreck and directing the ROV to maneuver around the ship's remains.

The subtitle, ""Okay, take her up and over the bow rail,"" suggests that someone is instructing a remote operator or a pilot of a submersible to navigate the vehicle in a specific manner around the ship's wreckage. This instruction would mean that the vehicle should ascend and move over the bow rail of the ship's wreckage, which is a part of the ship's structure at the front.

The spatial relationship in this context involves the remote vehicle moving in the water relative to the massive, stationary wreck of the Titanic. This movement is part of the explorative plot in the movie where the characters are investigating the remains of the sunken ship.

In the scene, elements that would typically be in the foreground include the illumination from the vehicle's lights and possibly parts of the vehicle itself. In the background, you would usually see parts of the shipwreck bathed in the eerie glow of the submersible's lights, giving the audience a sense of the ghostly, haunting atmosphere of the deep ocean and the tragedy that occurred there. The layout enhances the emotional impact of the film by conveying a sense of exploration, historical intrigue, and the somber reality of the Titanic's fate."
keyframe_3.png,"The image you've provided appears to be a dark underwater scene from the movie 'Titanic.' There are no visible characters or human interactions depicted in this frame. However, the deep blue hues and the ominous silhouette of what seems to be the sunken bow of the RMS Titanic, now a part of the ocean's depths, convey a somber and eerie atmosphere.

The main visual elements are the textured, corroded surface of the ship's hull and the abyssal darkness of the surrounding water. These elements work together to evoke a sense of the vastness and mystery of the undersea environment where the wreck rests. The ship's bow is in the foreground, dominating the frame, while the darkness of the water in the background suggests an unknowable expanse and the immense pressure of the deep sea.

The dialogue from the subtitle ""Okay, Mir-2, we're going over the bow. Stay with us."" likely refers to a communication between a submersible vehicle (possibly the Mir-2) and its support team as they navigate around the Titanic's wreckage. This dialogue indicates exploration and movement, with the crew preparing to move over a specific part of the ship, showing their careful coordination and interaction with the environment.

The placement of the ship in the foreground creates a focal point that draws the viewer's attention and underlines the significance of the Titanic's remains. It also reinforces a specific plot point in the movie, where modern characters are exploring the wreckage to uncover the stories and treasures that were lost with the sink of the Titanic. The quiet, oppressive darkness and the historical significance of the shipwreck serve to remind the viewer of the tragic event, setting a tone that carries emotional weight throughout the film."
keyframe_4.png,"This image doesn't contain any visible characters; it appears to depict a scene under the ocean where the wreckage of a ship, most likely the Titanic given the context, lies in darkness illuminated by the lights from a submarine or submersible. The presence of the subtitle ""Okay, quiet. We're rolling."" suggests that a filming crew within a submersible is preparing to document the Titanic wreckage, indicating that the scene is part of a narrative where explorers or researchers are collecting footage of the ship.

The spatial relationship here is primarily between the submarine's lights and the Titanic's remains. The shipwreck takes up the majority of the frame, with various parts of the structure and debris field visible. The strong beams of light coming from the edges of the frame suggest that the submersible is just outside of the frame, potentially to the left or right, casting light onto the scene.

In terms of the main visual elements, the beams of blue light penetrating the dark deep-sea environment create a haunting, somber atmosphere. The scarcity of light, with much of the shipwreck still shrouded in darkness, enhances the sense of mystery and the colossal loss associated with the Titanic tragedy. The layout of illumination and shadow mirrors the act of revealing and exploring the past, with parts of the ship emerging from obscurity as the lights touch them.

Foreground and background are blended due to the deep-sea environment and limited visibility; however, the wreckage can be considered the foreground as it is the focus of the lighting, while the unlit surroundings fade into the background. This composition serves to capture the viewer's attention and draws them into the scene, focusing on the exploration of the historic wreck."
keyframe_5.png,"This screenshot depicts the eerie, underwater remains of a ship, with a submersible vehicle hovering above it, casting beams of light that cut through the darkness of the deep ocean. There are no human characters visible in this still image. Instead, the main visual elements are the ghostly silhouette of the sunken Titanic and the submersible vehicle used by explorers to navigate and investigate the wreck.

In the foreground, elements of the ship's wreckage are detailed and occupy the lower section of the frame; twisted metal, a collapsed mast, and the ship's deck features are illuminated by the submersible's light, creating a contrast between light and dark and emphasizing the textures and decay of the underwater environment. The positioning of these elements in the foreground gives viewers a sense of proximity to the historic wreckage and conveys the feeling of being at the sea bottom.

The submersible vehicle is located in the background, yet it is prominent due to its lights and the action of exploration it suggests. It is likely that the submersible is being operated by characters who are off-screen, narrating or focusing on their discovery.

The spatial relationship described in the indicated subtitle suggests a perceived movement of the Titanic's wreck coming into view as the submersible approaches it or lights it up, revealing its presence much like a ""ghost ship."" The sense of discovery and historic reverence is heightened by this vantage point, as viewers are made to feel as if they are part of the exploration, revealing a hidden part of history.

The composition and the positioning of the submersible in relation to the ship create a sense of scale, showing just how large and grand the Titanic was, even in its sunken state. The visual elements work in synergy to evoke emotions of awe, curiosity, and a somber reminder of the tragic fate of the once majestic ocean liner.

This layout underscores a critical plot point in the movie ""Titanic,"" which is concerned with human connections to the past and the enduring impact of the disaster on the present, encapsulated in the exploratory mission to rediscover the ship's remains. It sets the tone for the film's narrative, which connects the present-day exploration with the historical events that led to the ship's sinking."
